QuesID,    AnsCount,    QuesTitle
39751747,1,Mapping each element in list to different column in pandas dataframe
39645404,1,Display Pandas DataFrame in csv format
39631678,1,Can a pandas DataFrame hold non-scalar values?
39622884,2,Pandas groupby over list
39615476,1,converting dataframe to list of tuples on condition
39597553,1,From DatetimeIndex to list of times
39587863,1,How do I calculate the percent difference between the 1st and 6th key in a list of dictionaries?
39576800,2,Transform to normal Data Frame which has row as list. Split rows to column
39549338,1,"Group a list of dates by month, year"
